Symbol,Plus_DI,Minus_DI,ADX,Signal
"['2330.TW', '台積電']",31.5,13.98,21.97,WAIT
"['2454.TW', '聯發科']",33.13,15.65,32.03,WAIT
"['2317.TW', '鴻海']",19.26,23.71,7.71,WAIT
"['6451.TW', '訊芯-KY']",20.82,18.67,7.31,GOLDEN_CROSS
"['3016.TW', '嘉晶']",54.78,6.43,43.3,WAIT
"['6442.TW', '光聖']",24.02,16.39,12.66,GOLDEN_CROSS
"['3163.TWO', '波若威']",25.1,20.98,15.38,GOLDEN_CROSS
"['3363.TWO', '上詮']",24.39,16.41,18.01,WAIT
"['4979.TWO', '華星光']",25.74,24.11,13.59,GOLDEN_CROSS
"['4908.TWO', '前鼎']",29.32,17.86,26.51,WAIT
